{
  "part_a": {
    "GCD": {
      "Learned": {
        "params": 268873,
        "time": 30.916266679763794,
        "in_range": 0.878333330154419,
        "ood_1k_2k": 0.3356666564941406,
        "ood_2k_5k": 0.46933332085609436,
        "ood_5k_10k": 0.4000000059604645,
        "ood_10k_50k": 0.44566667079925537
      },
      "SPIRNOR": {
        "params": 208457,
        "time": 34.16273856163025,
        "in_range": 0.8840000033378601,
        "ood_1k_2k": 0.8786666393280029,
        "ood_2k_5k": 0.8643333315849304,
        "ood_5k_10k": 0.8149999976158142,
        "ood_10k_50k": 0.6359999775886536
      },
      "Sinusoidal": {
        "params": 208969,
        "time": 32.797234535217285,
        "in_range": 0.590666651725769,
        "ood_1k_2k": 0.6036666631698608,
        "ood_2k_5k": 0.5996666550636292,
        "ood_5k_10k": 0.593666672706604,
        "ood_10k_50k": 0.6100000143051147
      }
    },
    "Smallest Prime Factor": {
      "Learned": {
        "params": 268873,
        "time": 23.734785556793213,
        "in_range": 1.0,
        "ood_1k_2k": 0.0010000000474974513,
        "ood_2k_5k": 0.41366666555404663,
        "ood_5k_10k": 0.27266666293144226,
        "ood_10k_50k": 0.35499998927116394
      },
      "SPIRNOR": {
        "params": 208457,
        "time": 21.043832063674927,
        "in_range": 1.0,
        "ood_1k_2k": 0.8033333420753479,
        "ood_2k_5k": 0.7716666460037231,
        "ood_5k_10k": 0.7663333415985107,
        "ood_10k_50k": 0.5863333344459534
      },
      "Sinusoidal": {
        "params": 208969,
        "time": 20.149932861328125,
        "in_range": 0.8820000290870667,
        "ood_1k_2k": 0.36633333563804626,
        "ood_2k_5k": 0.37166666984558105,
        "ood_5k_10k": 0.31200000643730164,
        "ood_10k_50k": 0.3473333418369293
      }
    }
  },
  "part_b": {
    "Remainder": {
      "No PE": {
        "params": 158408,
        "time": 17.79985499382019,
        "in_range": 0.9326666593551636,
        "ood_500_1k": 0.9886666536331177,
        "ood_1k_2k": 0.9936666488647461
      },
      "Sinusoidal": {
        "params": 158408,
        "time": 17.98678994178772,
        "in_range": 0.940666675567627,
        "ood_500_1k": 0.9886666536331177,
        "ood_1k_2k": 0.9936666488647461
      },
      "RoPE": {
        "params": 158408,
        "time": 23.952205419540405,
        "in_range": 0.9396666884422302,
        "ood_500_1k": 0.9886666536331177,
        "ood_1k_2k": 0.9936666488647461
      },
      "SPIRNOR-RoPE": {
        "params": 158408,
        "time": 23.65636706352234,
        "in_range": 0.9409999847412109,
        "ood_500_1k": 0.9886666536331177,
        "ood_1k_2k": 0.9936666488647461
      },
      "Random-RoPE": {
        "params": 158408,
        "time": 23.6394624710083,
        "in_range": 0.9413333535194397,
        "ood_500_1k": 0.9886666536331177,
        "ood_1k_2k": 0.9936666488647461
      }
    },
    "IntDiv": {
      "No PE": {
        "params": 158343,
        "time": 17.927687644958496,
        "in_range": 0.4973333477973938,
        "ood_500_1k": 0.5066666603088379,
        "ood_1k_2k": 0.4869999885559082
      },
      "Sinusoidal": {
        "params": 158343,
        "time": 17.639972925186157,
        "in_range": 0.906000018119812,
        "ood_500_1k": 0.8026666641235352,
        "ood_1k_2k": 0.6836666464805603
      },
      "RoPE": {
        "params": 158343,
        "time": 23.987438917160034,
        "in_range": 0.8816666603088379,
        "ood_500_1k": 0.7043333053588867,
        "ood_1k_2k": 0.6026666760444641
      },
      "SPIRNOR-RoPE": {
        "params": 158343,
        "time": 23.547280311584473,
        "in_range": 0.8933333158493042,
        "ood_500_1k": 0.70333331823349,
        "ood_1k_2k": 0.5960000157356262
      },
      "Random-RoPE": {
        "params": 158343,
        "time": 23.343955993652344,
        "in_range": 0.8930000066757202,
        "ood_500_1k": 0.7036666870117188,
        "ood_1k_2k": 0.5786666870117188
      }
    },
    "SelectiveGCD": {
      "No PE": {
        "params": 158473,
        "time": 30.339054346084595,
        "in_range": 0.6476666927337646,
        "ood_500_1k": 0.6349999904632568,
        "ood_1k_2k": 0.6206666827201843
      },
      "Sinusoidal": {
        "params": 158473,
        "time": 30.41160798072815,
        "in_range": 0.8923333287239075,
        "ood_500_1k": 0.8053333163261414,
        "ood_1k_2k": 0.7739999890327454
      },
      "RoPE": {
        "params": 158473,
        "time": 36.04316544532776,
        "in_range": 0.8500000238418579,
        "ood_500_1k": 0.7676666378974915,
        "ood_1k_2k": 0.7463333606719971
      },
      "SPIRNOR-RoPE": {
        "params": 158473,
        "time": 35.474623918533325,
        "in_range": 0.8913333415985107,
        "ood_500_1k": 0.843666672706604,
        "ood_1k_2k": 0.8080000281333923
      },
      "Random-RoPE": {
        "params": 158473,
        "time": 35.79550075531006,
        "in_range": 0.8870000243186951,
        "ood_500_1k": 0.8240000009536743,
        "ood_1k_2k": 0.7979999780654907
      }
    }
  },
  "config": {
    "d_model": 64,
    "nhead": 4,
    "num_layers_a": 4,
    "num_layers_b": 3,
    "train_range_a": [
      2,
      1000
    ],
    "train_range_b": [
      2,
      500
    ],
    "spirnor_constants": {
      "pi": 3.141592653589793,
      "sqrt2": 1.4142135623730951,
      "phi_sq": 2.618033988749895,
      "e": 2.718281828459045,
      "golden_angle": 2.399963229728653,
      "phi": 1.618033988749895,
      "ln2": 0.6931471805599453,
      "pi_e": 1.1557273497909217
    }
  }
}