{
  "results": {
    "Standard RoPE": {
      "params": 796416,
      "train_time": 78.71940040588379,
      "in_range": {
        "overall": 0.37,
        "per_task": {
          "A": 0.02,
          "F": 1.0,
          "G": 0.78,
          "M": 0.0,
          "S": 0.05
        }
      },
      "ood_200_500": {
        "overall": 0.268,
        "per_task": {
          "A": 0.0,
          "F": 0.63,
          "G": 0.67,
          "M": 0.02,
          "S": 0.02
        }
      },
      "ood_500_1k": {
        "overall": 0.286,
        "per_task": {
          "A": 0.0,
          "F": 0.72,
          "G": 0.7,
          "M": 0.01,
          "S": 0.0
        }
      },
      "ood_1k_5k": {
        "overall": 0.226,
        "per_task": {
          "A": 0.0,
          "F": 0.51,
          "G": 0.62,
          "M": 0.0,
          "S": 0.0
        }
      }
    },
    "SPIRNOR-RoPE": {
      "params": 796416,
      "train_time": 75.80100560188293,
      "in_range": {
        "overall": 0.396,
        "per_task": {
          "A": 0.12,
          "F": 1.0,
          "G": 0.79,
          "M": 0.02,
          "S": 0.05
        }
      },
      "ood_200_500": {
        "overall": 0.266,
        "per_task": {
          "A": 0.0,
          "F": 0.55,
          "G": 0.75,
          "M": 0.01,
          "S": 0.02
        }
      },
      "ood_500_1k": {
        "overall": 0.266,
        "per_task": {
          "A": 0.0,
          "F": 0.55,
          "G": 0.74,
          "M": 0.02,
          "S": 0.02
        }
      },
      "ood_1k_5k": {
        "overall": 0.186,
        "per_task": {
          "A": 0.0,
          "F": 0.38,
          "G": 0.52,
          "M": 0.03,
          "S": 0.0
        }
      }
    },
    "Hybrid-RoPE": {
      "params": 796416,
      "train_time": 76.30816292762756,
      "in_range": {
        "overall": 0.404,
        "per_task": {
          "A": 0.09,
          "F": 1.0,
          "G": 0.78,
          "M": 0.03,
          "S": 0.12
        }
      },
      "ood_200_500": {
        "overall": 0.242,
        "per_task": {
          "A": 0.0,
          "F": 0.52,
          "G": 0.66,
          "M": 0.02,
          "S": 0.01
        }
      },
      "ood_500_1k": {
        "overall": 0.214,
        "per_task": {
          "A": 0.0,
          "F": 0.36,
          "G": 0.68,
          "M": 0.01,
          "S": 0.02
        }
      },
      "ood_1k_5k": {
        "overall": 0.188,
        "per_task": {
          "A": 0.0,
          "F": 0.37,
          "G": 0.56,
          "M": 0.01,
          "S": 0.0
        }
      }
    }
  },
  "config": {
    "d_model": 128,
    "nhead": 4,
    "num_layers": 4,
    "epochs": 25,
    "train_range": [
      2,
      200
    ],
    "vocab_size": 24,
    "tasks": [
      "add",
      "sub",
      "gcd",
      "spf",
      "mul"
    ],
    "pe_types": [
      "rope",
      "spirnor_rope",
      "hybrid_rope"
    ],
    "spirnor_constants": {
      "pi": 3.141592653589793,
      "sqrt2": 1.4142135623730951,
      "phi_sq": 2.618033988749895,
      "e": 2.718281828459045,
      "golden_angle": 2.399963229728653,
      "phi": 1.618033988749895,
      "ln2": 0.6931471805599453,
      "pi_e": 1.1557273497909217
    }
  }
}